deck1,deck2,wins,losses,ties,total,win_rate
alakazam-dudunsparce,alakazam-dudunsparce,83,83,9,92,49.1
alakazam-dudunsparce,dragapult-blaziken,59,72,6,137,44.5
dragapult-blaziken,alakazam-dudunsparce,72,59,6,137,54.0
alakazam-dudunsparce,dragapult-dusknoir,87,171,42,300,33.7
dragapult-dusknoir,alakazam-dudunsparce,171,87,42,300,61.7
alakazam-dudunsparce,dragapult-ex,88,102,7,197,45.9
dragapult-ex,alakazam-dudunsparce,102,88,7,197,53.0
alakazam-dudunsparce,gardevoir-ex-sv,27,50,20,97,34.7
gardevoir-ex-sv,alakazam-dudunsparce,50,27,20,97,58.4
alakazam-dudunsparce,gholdengo-lunatone,54,39,12,105,55.2
gholdengo-lunatone,alakazam-dudunsparce,39,54,12,105,41.0
alakazam-dudunsparce,grimmsnarl-froslass,65,84,17,166,42.6
grimmsnarl-froslass,alakazam-dudunsparce,84,65,17,166,54.0
alakazam-dudunsparce,lucario-hariyama,109,81,24,214,54.7
lucario-hariyama,alakazam-dudunsparce,81,109,24,214,41.6
alakazam-dudunsparce,mega-absol-box,67,37,12,116,61.2
mega-absol-box,alakazam-dudunsparce,37,67,12,116,35.3
alakazam-dudunsparce,n-zoroark,103,114,23,240,46.1
n-zoroark,alakazam-dudunsparce,114,103,23,240,50.7
alakazam-dudunsparce,ogerpon-meganium,64,72,6,142,46.5
ogerpon-meganium,alakazam-dudunsparce,72,64,6,142,52.1
alakazam-dudunsparce,raging-bolt-ogerpon,82,34,19,135,65.4
raging-bolt-ogerpon,alakazam-dudunsparce,34,82,19,135,29.9
alakazam-dudunsparce,rocket-mewtwo-ex,27,132,13,172,18.2
rocket-mewtwo-ex,alakazam-dudunsparce,132,27,13,172,79.3
alakazam-dudunsparce,starmie-froslass,55,36,4,95,59.3
starmie-froslass,alakazam-dudunsparce,36,55,4,95,39.3
dragapult-blaziken,dragapult-blaziken,65,65,4,69,49.5
dragapult-blaziken,dragapult-dusknoir,66,55,11,132,52.8
dragapult-dusknoir,dragapult-blaziken,55,66,11,132,44.4
dragapult-blaziken,dragapult-ex,83,96,14,193,45.4
dragapult-ex,dragapult-blaziken,96,83,14,193,52.2
dragapult-blaziken,gardevoir-ex-sv,1,1,1,3,44.4
gardevoir-ex-sv,dragapult-blaziken,1,1,1,3,44.4
dragapult-blaziken,gholdengo-lunatone,1,3,0,4,25.0
gholdengo-lunatone,dragapult-blaziken,3,1,0,4,75.0
dragapult-blaziken,grimmsnarl-froslass,39,53,3,95,42.1
grimmsnarl-froslass,dragapult-blaziken,53,39,3,95,56.8
dragapult-blaziken,lucario-hariyama,88,73,10,171,53.4
lucario-hariyama,dragapult-blaziken,73,88,10,171,44.6
dragapult-blaziken,mega-absol-box,22,19,5,46,51.4
mega-absol-box,dragapult-blaziken,19,22,5,46,44.9
dragapult-blaziken,n-zoroark,60,87,9,156,40.4
n-zoroark,dragapult-blaziken,87,60,9,156,57.7
dragapult-blaziken,ogerpon-meganium,74,52,5,131,57.8
ogerpon-meganium,dragapult-blaziken,52,74,5,131,41.0
dragapult-blaziken,raging-bolt-ogerpon,41,23,4,68,62.3
raging-bolt-ogerpon,dragapult-blaziken,23,41,4,68,35.8
dragapult-blaziken,rocket-mewtwo-ex,70,67,4,141,50.6
rocket-mewtwo-ex,dragapult-blaziken,67,70,4,141,48.5
dragapult-blaziken,starmie-froslass,60,64,4,128,47.9
starmie-froslass,dragapult-blaziken,64,60,4,128,51.0
dragapult-dusknoir,dragapult-dusknoir,634,634,76,710,49.1
dragapult-dusknoir,dragapult-ex,81,105,17,203,42.7
dragapult-ex,dragapult-dusknoir,105,81,17,203,54.5
dragapult-dusknoir,gardevoir-ex-sv,200,324,83,607,37.5
gardevoir-ex-sv,dragapult-dusknoir,324,200,83,607,57.9
dragapult-dusknoir,gholdengo-lunatone,277,335,124,736,43.3
gholdengo-lunatone,dragapult-dusknoir,335,277,124,736,51.1
dragapult-dusknoir,grimmsnarl-froslass,202,371,94,667,35.0
grimmsnarl-froslass,dragapult-dusknoir,371,202,94,667,60.3
dragapult-dusknoir,lucario-hariyama,136,132,26,294,49.2
lucario-hariyama,dragapult-dusknoir,132,136,26,294,47.8
dragapult-dusknoir,mega-absol-box,180,235,90,505,41.6
mega-absol-box,dragapult-dusknoir,235,180,90,505,52.5
dragapult-dusknoir,n-zoroark,292,364,108,764,42.9
n-zoroark,dragapult-dusknoir,364,292,108,764,52.4
dragapult-dusknoir,ogerpon-meganium,66,63,12,141,49.6
ogerpon-meganium,dragapult-dusknoir,63,66,12,141,47.5
dragapult-dusknoir,raging-bolt-ogerpon,196,211,64,471,46.1
raging-bolt-ogerpon,dragapult-dusknoir,211,196,64,471,49.3
dragapult-dusknoir,rocket-mewtwo-ex,65,90,13,168,41.3
rocket-mewtwo-ex,dragapult-dusknoir,90,65,13,168,56.2
dragapult-dusknoir,starmie-froslass,37,44,11,92,44.2
starmie-froslass,dragapult-dusknoir,44,37,11,92,51.8
dragapult-ex,dragapult-ex,151,151,6,157,49.7
dragapult-ex,gardevoir-ex-sv,2,5,1,8,29.2
gardevoir-ex-sv,dragapult-ex,5,2,1,8,66.7
dragapult-ex,gholdengo-lunatone,2,9,2,13,20.5
gholdengo-lunatone,dragapult-ex,9,2,2,13,74.4
dragapult-ex,grimmsnarl-froslass,56,54,7,117,49.9
grimmsnarl-froslass,dragapult-ex,54,56,7,117,48.1
dragapult-ex,lucario-hariyama,132,99,11,242,56.1
lucario-hariyama,dragapult-ex,99,132,11,242,42.4
dragapult-ex,mega-absol-box,39,41,7,87,47.5
mega-absol-box,dragapult-ex,41,39,7,87,49.8
dragapult-ex,n-zoroark,71,96,13,180,41.9
n-zoroark,dragapult-ex,96,71,13,180,55.7
dragapult-ex,ogerpon-meganium,107,82,6,195,55.9
ogerpon-meganium,dragapult-ex,82,107,6,195,43.1
dragapult-ex,raging-bolt-ogerpon,48,47,8,103,49.2
raging-bolt-ogerpon,dragapult-ex,47,48,8,103,48.2
dragapult-ex,rocket-mewtwo-ex,88,110,13,211,43.8
rocket-mewtwo-ex,dragapult-ex,110,88,13,211,54.2
dragapult-ex,starmie-froslass,73,62,9,144,52.8
starmie-froslass,dragapult-ex,62,73,9,144,45.1
gardevoir-ex-sv,gardevoir-ex-sv,161,161,36,197,48.3
gardevoir-ex-sv,gholdengo-lunatone,124,151,78,353,42.5
gholdengo-lunatone,gardevoir-ex-sv,151,124,78,353,50.1
gardevoir-ex-sv,grimmsnarl-froslass,107,192,63,362,35.4
grimmsnarl-froslass,gardevoir-ex-sv,192,107,63,362,58.8
gardevoir-ex-sv,lucario-hariyama,29,4,5,38,80.7
lucario-hariyama,gardevoir-ex-sv,4,29,5,38,14.9
gardevoir-ex-sv,mega-absol-box,77,125,36,238,37.4
mega-absol-box,gardevoir-ex-sv,125,77,36,238,57.6
gardevoir-ex-sv,n-zoroark,96,224,56,376,30.5
n-zoroark,gardevoir-ex-sv,224,96,56,376,64.5
gardevoir-ex-sv,ogerpon-meganium,13,6,5,24,61.1
ogerpon-meganium,gardevoir-ex-sv,6,13,5,24,31.9
gardevoir-ex-sv,raging-bolt-ogerpon,102,42,32,176,64.0
raging-bolt-ogerpon,gardevoir-ex-sv,42,102,32,176,29.9
gardevoir-ex-sv,rocket-mewtwo-ex,20,3,3,26,80.8
rocket-mewtwo-ex,gardevoir-ex-sv,3,20,3,26,15.4
gholdengo-lunatone,gholdengo-lunatone,186,186,39,225,48.4
gholdengo-lunatone,grimmsnarl-froslass,154,164,75,393,45.5
grimmsnarl-froslass,gholdengo-lunatone,164,154,75,393,48.1
gholdengo-lunatone,lucario-hariyama,49,14,8,71,72.8
lucario-hariyama,gholdengo-lunatone,14,49,8,71,23.5
gholdengo-lunatone,mega-absol-box,111,81,50,242,52.8
mega-absol-box,gholdengo-lunatone,81,111,50,242,40.4
gholdengo-lunatone,n-zoroark,164,151,67,382,48.8
n-zoroark,gholdengo-lunatone,151,164,67,382,45.4
gholdengo-lunatone,ogerpon-meganium,6,10,5,21,36.5
ogerpon-meganium,gholdengo-lunatone,10,6,5,21,55.6
gholdengo-lunatone,raging-bolt-ogerpon,84,96,19,199,45.4
raging-bolt-ogerpon,gholdengo-lunatone,96,84,19,199,51.4
gholdengo-lunatone,rocket-mewtwo-ex,26,3,5,34,81.4
rocket-mewtwo-ex,gholdengo-lunatone,3,26,5,34,13.7
grimmsnarl-froslass,grimmsnarl-froslass,163,163,47,210,47.9
grimmsnarl-froslass,lucario-hariyama,78,67,11,156,52.4
lucario-hariyama,grimmsnarl-froslass,67,78,11,156,45.3
grimmsnarl-froslass,mega-absol-box,79,130,44,253,37.0
mega-absol-box,grimmsnarl-froslass,130,79,44,253,57.2
grimmsnarl-froslass,n-zoroark,227,134,79,440,57.6
n-zoroark,grimmsnarl-froslass,134,227,79,440,36.4
grimmsnarl-froslass,ogerpon-meganium,32,62,8,102,34.0
ogerpon-meganium,grimmsnarl-froslass,62,32,8,102,63.4
grimmsnarl-froslass,raging-bolt-ogerpon,91,115,29,235,42.8
raging-bolt-ogerpon,grimmsnarl-froslass,115,91,29,235,53.0
grimmsnarl-froslass,rocket-mewtwo-ex,63,45,7,115,56.8
rocket-mewtwo-ex,grimmsnarl-froslass,45,63,7,115,41.2
grimmsnarl-froslass,starmie-froslass,44,39,3,86,52.3
starmie-froslass,grimmsnarl-froslass,39,44,3,86,46.5
lucario-hariyama,lucario-hariyama,110,110,16,126,48.9
lucario-hariyama,mega-absol-box,39,31,5,75,54.2
mega-absol-box,lucario-hariyama,31,39,5,75,43.6
lucario-hariyama,n-zoroark,116,83,19,218,56.1
n-zoroark,lucario-hariyama,83,116,19,218,41.0
lucario-hariyama,ogerpon-meganium,57,69,7,133,44.6
ogerpon-meganium,lucario-hariyama,69,57,7,133,53.6
lucario-hariyama,raging-bolt-ogerpon,52,72,9,133,41.4
raging-bolt-ogerpon,lucario-hariyama,72,52,9,133,56.4
lucario-hariyama,rocket-mewtwo-ex,49,86,10,145,36.1
rocket-mewtwo-ex,lucario-hariyama,86,49,10,145,61.6
lucario-hariyama,starmie-froslass,51,49,9,109,49.5
starmie-froslass,lucario-hariyama,49,51,9,109,47.7
mega-absol-box,mega-absol-box,72,72,13,85,48.6
mega-absol-box,n-zoroark,106,122,34,262,44.8
n-zoroark,mega-absol-box,122,106,34,262,50.9
mega-absol-box,ogerpon-meganium,22,38,3,63,36.5
ogerpon-meganium,mega-absol-box,38,22,3,63,61.9
mega-absol-box,raging-bolt-ogerpon,39,92,15,146,30.1
raging-bolt-ogerpon,mega-absol-box,92,39,15,146,66.4
mega-absol-box,rocket-mewtwo-ex,33,17,7,57,62.0
rocket-mewtwo-ex,mega-absol-box,17,33,7,57,33.9
mega-absol-box,starmie-froslass,17,16,4,37,49.5
starmie-froslass,mega-absol-box,16,17,4,37,46.8
n-zoroark,n-zoroark,225,225,34,259,48.8
n-zoroark,ogerpon-meganium,50,80,5,135,38.3
ogerpon-meganium,n-zoroark,80,50,5,135,60.5
n-zoroark,raging-bolt-ogerpon,128,104,22,254,53.3
raging-bolt-ogerpon,n-zoroark,104,128,22,254,43.8
n-zoroark,rocket-mewtwo-ex,54,83,10,147,39.0
rocket-mewtwo-ex,n-zoroark,83,54,10,147,58.7
n-zoroark,starmie-froslass,55,31,4,90,62.6
starmie-froslass,n-zoroark,31,55,4,90,35.9
ogerpon-meganium,ogerpon-meganium,45,45,0,45,50.0
ogerpon-meganium,raging-bolt-ogerpon,38,23,6,67,59.7
raging-bolt-ogerpon,ogerpon-meganium,23,38,6,67,37.3
ogerpon-meganium,rocket-mewtwo-ex,73,34,1,108,67.9
rocket-mewtwo-ex,ogerpon-meganium,34,73,1,108,31.8
ogerpon-meganium,starmie-froslass,42,24,2,68,62.7
starmie-froslass,ogerpon-meganium,24,42,2,68,36.3
raging-bolt-ogerpon,raging-bolt-ogerpon,49,49,11,60,48.3
raging-bolt-ogerpon,rocket-mewtwo-ex,41,28,5,74,57.7
rocket-mewtwo-ex,raging-bolt-ogerpon,28,41,5,74,40.1
raging-bolt-ogerpon,starmie-froslass,24,14,7,45,58.5
starmie-froslass,raging-bolt-ogerpon,14,24,7,45,36.3
rocket-mewtwo-ex,rocket-mewtwo-ex,60,60,4,64,49.5
rocket-mewtwo-ex,starmie-froslass,21,71,2,94,23.0
starmie-froslass,rocket-mewtwo-ex,71,21,2,94,76.2
starmie-froslass,starmie-froslass,50,50,2,52,49.7`;
